{
  "fitness": -5.03,
  "generation": 50,
  "genes": [
    [
      0,
      0,
      12,
      0.07078258876098663,
      true
    ],
    [
      1,
      0,
      13,
      -0.10498516012133488,
      true
    ],
    [
      2,
      0,
      14,
      0.16473526508952183,
      true
    ],
    [
      3,
      1,
      12,
      1.0011750574535834,
      true
    ],
    [
      4,
      1,
      13,
      0.7455931493328185,
      true
    ],
    [
      5,
      1,
      14,
      0.05316254178148264,
      true
    ],
    [
      6,
      2,
      12,
      -0.9918597310509234,
      true
    ],
    [
      7,
      2,
      13,
      -0.988838741123642,
      true
    ],
    [
      8,
      2,
      14,
      -0.0836467794267752,
      true
    ],
    [
      9,
      3,
      12,
      -0.13690712906923821,
      true
    ],
    [
      10,
      3,
      13,
      0.2889895047416682,
      true
    ],
    [
      11,
      3,
      14,
      0.1395500835022833,
      true
    ],
    [
      12,
      4,
      12,
      0.4209005925783425,
      true
    ],
    [
      13,
      4,
      13,
      -1.1311855099246815,
      true
    ],
    [
      14,
      4,
      14,
      -0.31970379709132396,
      true
    ],
    [
      15,
      5,
      12,
      0.43106567197347867,
      true
    ],
    [
      16,
      5,
      13,
      -0.8880236290354965,
      true
    ],
    [
      17,
      5,
      14,
      0.43286117559249676,
      true
    ],
    [
      18,
      6,
      12,
      -0.10418999893218361,
      true
    ],
    [
      19,
      6,
      13,
      1.284841598354967,
      true
    ],
    [
      20,
      6,
      14,
      0.45803816673104636,
      true
    ],
    [
      21,
      7,
      12,
      -0.1823448639254954,
      true
    ],
    [
      22,
      7,
      13,
      0.5360060806471474,
      true
    ],
    [
      23,
      7,
      14,
      -0.05171986853328109,
      true
    ],
    [
      24,
      8,
      12,
      0.8389366135984498,
      true
    ],
    [
      25,
      8,
      13,
      1.7322971022402498,
      true
    ],
    [
      26,
      8,
      14,
      2.2329425400279477,
      true
    ],
    [
      27,
      9,
      12,
      0.6902396258868305,
      true
    ],
    [
      28,
      9,
      13,
      0.0011834982452596377,
      true
    ],
    [
      29,
      9,
      14,
      -0.1072744347546033,
      true
    ],
    [
      30,
      10,
      12,
      0.7156740831608862,
      true
    ],
    [
      31,
      10,
      13,
      0.08792314777846696,
      true
    ],
    [
      32,
      10,
      14,
      0.8819921670571111,
      true
    ],
    [
      33,
      11,
      12,
      0.9127600230677718,
      true
    ],
    [
      34,
      11,
      13,
      0.48265247282320967,
      true
    ],
    [
      35,
      11,
      14,
      -0.05211150280985565,
      true
    ],
    [
      36,
      -1,
      12,
      0.9264647997527704,
      true
    ],
    [
      37,
      -1,
      13,
      -0.9458492379617575,
      true
    ],
    [
      38,
      -1,
      14,
      -0.5084484906658029,
      true
    ]
  ],
  "config": {
    "input_size": 12,
    "output_size": 3,
    "activation_function": "tanh"
  }
}