{
  "fitness": -1.26,
  "generation": 50,
  "genes": [
    [
      0,
      0,
      12,
      0.12852164467620403,
      true
    ],
    [
      0,
      4,
      15,
      1.4810717316108648,
      true
    ],
    [
      1,
      0,
      13,
      -1.2457263562952459,
      true
    ],
    [
      1,
      15,
      14,
      0.08629573113626843,
      true
    ],
    [
      2,
      0,
      14,
      -0.06509695485196437,
      false
    ],
    [
      2,
      10,
      15,
      0.012256039723424275,
      true
    ],
    [
      3,
      1,
      12,
      -0.37832694583010773,
      true
    ],
    [
      3,
      15,
      12,
      -0.006115720487789633,
      true
    ],
    [
      4,
      1,
      13,
      -0.04807168697756077,
      true
    ],
    [
      4,
      8,
      15,
      1.5345762387745747,
      true
    ],
    [
      5,
      1,
      14,
      0.19178039381061737,
      true
    ],
    [
      5,
      15,
      13,
      -0.3691508907128571,
      true
    ],
    [
      6,
      2,
      12,
      -0.06021021841673059,
      true
    ],
    [
      6,
      5,
      15,
      0.09252649765999643,
      false
    ],
    [
      7,
      2,
      13,
      0.05404707750535163,
      true
    ],
    [
      7,
      7,
      15,
      -0.2817714940910009,
      true
    ],
    [
      8,
      2,
      14,
      -0.07158424676453543,
      true
    ],
    [
      8,
      2,
      15,
      0.4897582228438605,
      true
    ],
    [
      9,
      3,
      12,
      1.0750104216844172,
      true
    ],
    [
      9,
      -1,
      15,
      -0.07478680600207468,
      true
    ],
    [
      10,
      3,
      13,
      -0.1415768630441656,
      true
    ],
    [
      10,
      3,
      15,
      0.45994989214328674,
      true
    ],
    [
      11,
      3,
      14,
      -1.9948084996454054,
      false
    ],
    [
      11,
      0,
      15,
      -0.006180301785167581,
      true
    ],
    [
      12,
      4,
      12,
      0.11348202106201034,
      true
    ],
    [
      13,
      4,
      13,
      0.41100241093308826,
      true
    ],
    [
      13,
      16,
      12,
      0.2590661478544453,
      true
    ],
    [
      14,
      4,
      14,
      0.1708562321953847,
      true
    ],
    [
      14,
      0,
      16,
      0.9342053821381251,
      true
    ],
    [
      15,
      5,
      12,
      -0.6403517686179379,
      true
    ],
    [
      15,
      16,
      14,
      -0.05117040848727317,
      true
    ],
    [
      16,
      5,
      13,
      -0.23908388765704525,
      true
    ],
    [
      16,
      1,
      15,
      0.3157316551548083,
      true
    ],
    [
      17,
      5,
      14,
      -0.074263983563674,
      true
    ],
    [
      18,
      6,
      12,
      -0.35664910726309546,
      false
    ],
    [
      19,
      6,
      13,
      1.464119531110477,
      true
    ],
    [
      19,
      2,
      16,
      -0.20919720741423709,
      true
    ],
    [
      20,
      6,
      14,
      -1.0226168980218198,
      true
    ],
    [
      21,
      7,
      12,
      -0.07122989363023337,
      true
    ],
    [
      21,
      11,
      15,
      -0.1605553467194527,
      true
    ],
    [
      22,
      7,
      13,
      0.14925326299226022,
      true
    ],
    [
      23,
      7,
      14,
      0.36035343359157423,
      true
    ],
    [
      24,
      8,
      12,
      1.5156113707724757,
      true
    ],
    [
      24,
      1,
      16,
      0.9764827640244331,
      true
    ],
    [
      25,
      8,
      13,
      -0.10142669916382901,
      true
    ],
    [
      25,
      6,
      16,
      0.28489144662615995,
      true
    ],
    [
      26,
      8,
      14,
      0.21846725437349412,
      true
    ],
    [
      27,
      9,
      12,
      0.20459698378484448,
      true
    ],
    [
      28,
      9,
      13,
      -0.20716788679689185,
      true
    ],
    [
      29,
      9,
      14,
      -0.010120085212111073,
      true
    ],
    [
      30,
      10,
      12,
      -0.5787070979863538,
      true
    ],
    [
      30,
      6,
      17,
      1.2720044030244195,
      true
    ],
    [
      31,
      10,
      13,
      -0.2413485650437237,
      true
    ],
    [
      32,
      10,
      14,
      -0.39039997912627356,
      true
    ],
    [
      32,
      17,
      12,
      0.1340896950373193,
      true
    ],
    [
      33,
      11,
      12,
      -2.10277028217019,
      true
    ],
    [
      34,
      11,
      13,
      0.1373811491618066,
      true
    ],
    [
      35,
      11,
      14,
      0.4578490808597912,
      false
    ],
    [
      36,
      -1,
      12,
      0.42208569095476833,
      true
    ],
    [
      36,
      10,
      17,
      0.976270632632877,
      true
    ],
    [
      37,
      -1,
      13,
      -0.17148693948307853,
      true
    ],
    [
      38,
      -1,
      14,
      -0.05288210902333962,
      true
    ],
    [
      38,
      17,
      14,
      -0.31868021729458623,
      true
    ],
    [
      39,
      11,
      16,
      -0.031501381567724744,
      true
    ],
    [
      40,
      9,
      16,
      -0.10189154855723928,
      true
    ],
    [
      67,
      0,
      18,
      1.0,
      true
    ],
    [
      53,
      18,
      14,
      -0.06509695485196437,
      true
    ]
  ],
  "config": {
    "input_size": 12,
    "output_size": 3,
    "activation_function": "tanh"
  }
}